"","mAP","Threshold"
"1",0.474206899317924,0
"2",0.474206918346514,0.05
"3",0.473998146190919,0.1
"4",0.472777844665329,0.15
"5",0.470288902353967,0.2
"6",0.46619774075982,0.25
"7",0.459858250591955,0.3
"8",0.452045771787443,0.35
"9",0.441770496862914,0.4
