"","X","mAP","Threshold"
"1",1,0.48785530186399,0
"2",2,0.486043661739396,0.1
"3",3,0.474995894355303,0.2
"4",4,0.453829831572853,0.3
"5",5,0.427155292398457,0.4
"6",6,0.391343858727625,0.5
"7",7,0.351253236713077,0.6
"8",8,0.307403174717916,0.7
"9",9,0.257926038169025,0.8
"10",10,0.197589033329012,0.9
